<?xml version="1.0" encoding="UTF-8"?><CodeSystem xmlns="http://hl7.org/fhir"><id value="cs-covid19-vaccine-codes"/><text><status value="generated"/><div xmlns="http://www.w3.org/1999/xhtml"><p>This code system http://example.com/fhir/example/CodeSystem/cs-covid19-vaccine-codes defines the following codes:</p><table class="codes"><tr><td style="white-space:nowrap"><b>Code</b></td><td><b>Display</b></td></tr><tr><td style="white-space:nowrap">Astrazeneca<a name="cs-covid19-vaccine-codes-Astrazeneca"> </a></td><td>Astrazeneca COVID-19 vaccine</td></tr><tr><td style="white-space:nowrap">BharatBiotech<a name="cs-covid19-vaccine-codes-BharatBiotech"> </a></td><td>Bharat Biotech Covaxin COVID-19 vaccine</td></tr><tr><td style="white-space:nowrap">CansinoBiologics<a name="cs-covid19-vaccine-codes-CansinoBiologics"> </a></td><td>Cansino Biologics Convidicea COVID-19 vaccine</td></tr><tr><td style="white-space:nowrap">Chumakov<a name="cs-covid19-vaccine-codes-Chumakov"> </a></td><td>Chumakov Center Covivac COVID-19 vaccine</td></tr><tr><td style="white-space:nowrap">convalescent<a name="cs-covid19-vaccine-codes-convalescent"> </a></td><td>COVID-19 convalescent plasma</td></tr><tr><td style="white-space:nowrap">CureVacCVnCoV<a name="cs-covid19-vaccine-codes-CureVacCVnCoV"> </a></td><td>CureVac CVnCoV COVID-19 vaccine</td></tr><tr><td style="white-space:nowrap">GamaleyaSputnik<a name="cs-covid19-vaccine-codes-GamaleyaSputnik"> </a></td><td>Gamaleya Sputnik v COVID-19 vaccine</td></tr><tr><td style="white-space:nowrap">Janssen<a name="cs-covid19-vaccine-codes-Janssen"> </a></td><td>Janssen COVID-19 vaccine</td></tr><tr><td style="white-space:nowrap">Moderna<a name="cs-covid19-vaccine-codes-Moderna"> </a></td><td>Moderna COVID-19 vaccine</td></tr><tr><td style="white-space:nowrap">Novavax<a name="cs-covid19-vaccine-codes-Novavax"> </a></td><td>Novavax NVX-COV2373 COVID-19 vaccine</td></tr><tr><td style="white-space:nowrap">Pfizer-BioNtech<a name="cs-covid19-vaccine-codes-Pfizer-BioNtech"> </a></td><td>Pfizer-BioNtech COVID-19 vaccine</td></tr><tr><td style="white-space:nowrap">SinopharmBBIBP-CorV<a name="cs-covid19-vaccine-codes-SinopharmBBIBP-CorV"> </a></td><td>Sinopharm BBIBP-CorV COVID-19 vaccine</td></tr><tr><td style="white-space:nowrap">Sinopharm-Wuhan<a name="cs-covid19-vaccine-codes-Sinopharm-Wuhan"> </a></td><td>Sinopharm-Wuhan COVID-19 vaccine</td></tr><tr><td style="white-space:nowrap">Sinovac<a name="cs-covid19-vaccine-codes-Sinovac"> </a></td><td>Sinovac COVID-19 vaccine</td></tr><tr><td style="white-space:nowrap">VectorInstituteEpivacCorona<a name="cs-covid19-vaccine-codes-VectorInstituteEpivacCorona"> </a></td><td>Vector Institute EpivacCorona COVID-19 vaccine</td></tr></table></div></text><url value="http://example.com/fhir/example/CodeSystem/cs-covid19-vaccine-codes"/><version value="0.1.0-test"/><name value="CSCovid19VaccineCodes"/><title value="Covid19 Vaccine Code List"/><status value="active"/><date value="2022-09-05T12:17:02+00:00"/><publisher value="OpenHIE"/><contact><telecom><system value="url"/><value value="http://xxhl7.org/Special/committees/[something]"/></telecom></contact><description value="Covid19 Vaccine Code List"/><jurisdiction><coding><system value="http://unstats.un.org/unsd/methods/m49/m49.htm"/><code value="001"/></coding></jurisdiction><content value="complete"/><count value="15"/><concept><code value="Astrazeneca"/><display value="Astrazeneca COVID-19 vaccine"/></concept><concept><code value="BharatBiotech"/><display value="Bharat Biotech Covaxin COVID-19 vaccine"/></concept><concept><code value="CansinoBiologics"/><display value="Cansino Biologics Convidicea COVID-19 vaccine"/></concept><concept><code value="Chumakov"/><display value="Chumakov Center Covivac COVID-19 vaccine"/></concept><concept><code value="convalescent"/><display value="COVID-19 convalescent plasma"/></concept><concept><code value="CureVacCVnCoV"/><display value="CureVac CVnCoV COVID-19 vaccine"/></concept><concept><code value="GamaleyaSputnik"/><display value="Gamaleya Sputnik v COVID-19 vaccine"/></concept><concept><code value="Janssen"/><display value="Janssen COVID-19 vaccine"/></concept><concept><code value="Moderna"/><display value="Moderna COVID-19 vaccine"/></concept><concept><code value="Novavax"/><display value="Novavax NVX-COV2373 COVID-19 vaccine"/></concept><concept><code value="Pfizer-BioNtech"/><display value="Pfizer-BioNtech COVID-19 vaccine"/></concept><concept><code value="SinopharmBBIBP-CorV"/><display value="Sinopharm BBIBP-CorV COVID-19 vaccine"/></concept><concept><code value="Sinopharm-Wuhan"/><display value="Sinopharm-Wuhan COVID-19 vaccine"/></concept><concept><code value="Sinovac"/><display value="Sinovac COVID-19 vaccine"/></concept><concept><code value="VectorInstituteEpivacCorona"/><display value="Vector Institute EpivacCorona COVID-19 vaccine"/></concept></CodeSystem>