<?xml version="1.0" encoding="UTF-8"?>

<ValueSet xmlns="http://hl7.org/fhir">
  <id value="vs-yes-no"/>
  <text>
    <status value="generated"/><div xmlns="http://www.w3.org/1999/xhtml"><ul><li>Include all codes defined in <code>https://loinc.org/LL3044-6</code></li></ul></div>
  </text>
  <url value="http://example.com/fhir/example/ValueSet/vs-yes-no"/>
  <version value="0.1.0-test"/>
  <name value="VSYesNoUnknown"/>
  <title value="Yes No Unknown"/>
  <status value="active"/>
  <date value="2022-08-31T20:56:30+00:00"/>
  <publisher value="OpenHIE"/>
  <contact>
    <telecom>
      <system value="url"/>
      <value value="http://xxhl7.org/Special/committees/[something]"/>
    </telecom>
  </contact>
  <description value="Yes No Unknown"/>
  <jurisdiction>
    <coding>
      <system value="http://unstats.un.org/unsd/methods/m49/m49.htm"/>
      <code value="001"/>
    </coding>
  </jurisdiction>
  <compose>
    <include>
      <system value="https://loinc.org/LL3044-6"/>
    </include>
  </compose>
</ValueSet>