{
  "resourceType": "CodeSystem",
  "id": "cs-conditions-comorbidity",
  "text": {
    "status": "generated",
    "div": "<div xmlns=\"http://www.w3.org/1999/xhtml\"><p>This code system http://example.com/fhir/example/CodeSystem/cs-conditions-comorbidity defines the following codes:</p><table class=\"codes\"><tr><td style=\"white-space:nowrap\"><b>Code</b></td><td><b>Display</b></td></tr><tr><td style=\"white-space:nowrap\">CardiovascularDisease<a name=\"cs-conditions-comorbidity-CardiovascularDisease\"> </a></td><td>Cardiovascular disease e.g heart failure</td></tr><tr><td style=\"white-space:nowrap\">ChronicLungDisease<a name=\"cs-conditions-comorbidity-ChronicLungDisease\"> </a></td><td>Chronic Lung Disease</td></tr><tr><td style=\"white-space:nowrap\">ChronicNeurological<a name=\"cs-conditions-comorbidity-ChronicNeurological\"> </a></td><td>Chronic neurological or neuromuscular disease</td></tr><tr><td style=\"white-space:nowrap\">Smoker&quot;<a name=\"cs-conditions-comorbidity-Smoker.34\"> </a></td><td>Current smoker</td></tr><tr><td style=\"white-space:nowrap\">Diabetes<a name=\"cs-conditions-comorbidity-Diabetes\"> </a></td><td>Diabetes</td></tr><tr><td style=\"white-space:nowrap\">FormerSmoker&quot;<a name=\"cs-conditions-comorbidity-FormerSmoker.34\"> </a></td><td>Former smoker</td></tr><tr><td style=\"white-space:nowrap\">HIVAids&quot;<a name=\"cs-conditions-comorbidity-HIVAids.34\"> </a></td><td>HIV /AIDS</td></tr><tr><td style=\"white-space:nowrap\">Hypertension&quot;<a name=\"cs-conditions-comorbidity-Hypertension.34\"> </a></td><td>Hypertension</td></tr><tr><td style=\"white-space:nowrap\">Immunodeficiency<a name=\"cs-conditions-comorbidity-Immunodeficiency\"> </a></td><td>Immunodeficiency</td></tr><tr><td style=\"white-space:nowrap\">Liver<a name=\"cs-conditions-comorbidity-Liver\"> </a></td><td>Liver disease</td></tr><tr><td style=\"white-space:nowrap\">Malignancy<a name=\"cs-conditions-comorbidity-Malignancy\"> </a></td><td>Malignancy</td></tr><tr><td style=\"white-space:nowrap\">Renal<a name=\"cs-conditions-comorbidity-Renal\"> </a></td><td>Renal disease</td></tr><tr><td style=\"white-space:nowrap\">TB<a name=\"cs-conditions-comorbidity-TB\"> </a></td><td>TB</td></tr><tr><td style=\"white-space:nowrap\">Other<a name=\"cs-conditions-comorbidity-Other\"> </a></td><td>Other (specify)</td></tr></table></div>"
  },
  "url": "http://example.com/fhir/example/CodeSystem/cs-conditions-comorbidity",
  "version": "0.1.0-test",
  "name": "CSConditionsComorbidity",
  "title": "Conditions or comorbidity list",
  "status": "active",
  "date": "2022-09-04T18:26:39+00:00",
  "publisher": "OpenHIE",
  "contact": [
    {
      "telecom": [
        {
          "system": "url",
          "value": "http://xxhl7.org/Special/committees/[something]"
        }
      ]
    }
  ],
  "description": "Conditions or comorbidity list",
  "jurisdiction": [
    {
      "coding": [
        {
          "system": "http://unstats.un.org/unsd/methods/m49/m49.htm",
          "code": "001"
        }
      ]
    }
  ],
  "content": "complete",
  "count": 14,
  "concept": [
    {
      "code": "CardiovascularDisease",
      "display": "Cardiovascular disease e.g heart failure"
    },
    {
      "code": "ChronicLungDisease",
      "display": "Chronic Lung Disease"
    },
    {
      "code": "ChronicNeurological",
      "display": "Chronic neurological or neuromuscular disease"
    },
    {
      "code": "Smoker\"",
      "display": "Current smoker"
    },
    {
      "code": "Diabetes",
      "display": "Diabetes"
    },
    {
      "code": "FormerSmoker\"",
      "display": "Former smoker"
    },
    {
      "code": "HIVAids\"",
      "display": "HIV /AIDS"
    },
    {
      "code": "Hypertension\"",
      "display": "Hypertension"
    },
    {
      "code": "Immunodeficiency",
      "display": "Immunodeficiency"
    },
    {
      "code": "Liver",
      "display": "Liver disease"
    },
    {
      "code": "Malignancy",
      "display": "Malignancy"
    },
    {
      "code": "Renal",
      "display": "Renal disease"
    },
    {
      "code": "TB",
      "display": "TB"
    },
    {
      "code": "Other",
      "display": "Other (specify)"
    }
  ]
}